Tm,Yr,Total_AV,Expected_AV,Picks,AV_Above_Expected
ARI,2000,50.0,97.88591169609505,7,-47.88591169609505
ARI,2001,133.0,140.6757121252301,8,-7.675712125230092
ARI,2002,34.0,96.57294200719147,7,-62.57294200719147
ARI,2003,147.0,104.50908639826591,6,42.49091360173409
ARI,2004,251.0,116.74274185087671,7,134.2572581491233
ARI,2005,58.0,105.34186204235323,7,-47.34186204235323
ARI,2006,59.0,86.47483831378446,5,-27.47483831378446
ARI,2007,64.0,75.1601958657218,4,-11.160195865721803
ARI,2008,114.0,85.48247180467779,6,28.517528195322214
ARI,2009,56.0,55.56455977621184,5,0.43544022378816294
ARI,2010,82.0,79.38052339165861,6,2.6194766083413867
ARI,2011,129.0,107.34506813057882,7,21.654931869421176
ARI,2012,63.0,74.87955255647316,6,-11.879552556473158
ARI,2013,92.0,114.56300758833433,8,-22.56300758833433
ARI,2014,63.0,76.62110723497572,5,-13.621107234975725
ARI,2015,130.0,74.41342397226954,5,55.58657602773046
ARI,2016,17.0,52.050369658305534,4,-35.050369658305534
ARI,2017,78.0,84.93884291254226,6,-6.938842912542256
ARI,2018,55.0,77.5107650523871,5,-22.5107650523871
ARI,2019,121.0,139.36909452519347,9,-18.369094525193475
ARI,2020,50.0,75.68809495904571,5,-25.688094959045713
ARI,2021,51.0,66.49363445035777,5,-15.493634450357774
ARI,2022,33.0,63.14187218014782,7,-30.14187218014782
ARI,2023,47.0,125.03650821112197,9,-78.03650821112197
ATL,2000,42.0,62.0775232934074,5,-20.077523293407403
ATL,2001,170.0,119.10559869682017,8,50.89440130317983
ATL,2002,46.0,80.67634003108331,7,-34.67634003108331
ATL,2003,19.0,34.356080974157756,3,-15.356080974157756
ATL,2004,94.0,98.73743643451097,6,-4.737436434510968
ATL,2005,184.0,82.51522826229532,7,101.48477173770468
ATL,2006,33.0,51.47387135367303,4,-18.473871353673033
ATL,2007,145.0,134.5689289486192,10,10.431071051380798
ATL,2008,296.0,154.38102813529272,9,141.61897186470728
ATL,2009,79.0,86.97200990123342,7,-7.97200990123342
ATL,2010,67.0,88.88328378072679,7,-21.883283780726785
ATL,2011,140.0,70.37764405238217,5,69.62235594761783
ATL,2012,34.0,57.41261410351022,6,-23.412614103510222
ATL,2013,86.0,83.64215520942844,8,2.357844790571562
ATL,2014,152.0,107.67716716024917,7,44.32283283975083
ATL,2015,125.0,90.35108529079376,5,34.64891470920624
ATL,2016,113.0,77.21026810741701,5,35.78973189258299
ATL,2017,40.0,55.86792430470244,4,-15.867924304702441
ATL,2018,79.0,76.98123384213014,6,2.0187661578698624
ATL,2019,93.0,88.93767194282853,6,4.06232805717147
ATL,2020,62.0,86.94845175820362,6,-24.948451758203618
ATL,2021,82.0,128.43640571281287,9,-46.43640571281287
ATL,2022,70.0,115.19620294919551,7,-45.19620294919551
ATL,2023,42.0,91.30488124815415,6,-49.304881248154146
BAL,2000,132.0,92.52213384953706,4,39.477866150462944
BAL,2001,96.0,68.51493342053374,5,27.485066579466263
BAL,2002,161.0,96.60855995615171,9,64.39144004384829
BAL,2003,192.0,118.21513451768955,8,73.78486548231045
BAL,2004,25.0,51.122997147097635,5,-26.122997147097635
BAL,2005,55.0,82.79788094903242,6,-27.797880949032418
BAL,2006,171.0,101.4331099793404,8,69.5668900206596
BAL,2007,139.0,83.86040546052232,7,55.139594539477685
BAL,2008,175.0,118.7126323544123,9,56.28736764558769
BAL,2009,77.0,65.11921442044319,4,11.880785579556814
BAL,2010,57.0,86.25240931793056,7,-29.252409317930557
BAL,2011,95.0,92.70495800826903,8,2.295041991730969
BAL,2012,71.0,86.56996838308778,7,-15.569968383087783
BAL,2013,105.0,92.07945042690133,8,12.920549573098668
BAL,2014,109.0,104.84620632272936,8,4.153793677270642
BAL,2015,49.0,98.46523405820855,8,-49.46523405820855
BAL,2016,130.0,139.70674749046364,10,-9.706747490463641
BAL,2017,115.0,91.40576912700678,6,23.594230872993222
BAL,2018,230.0,117.21265804310445,9,112.78734195689555
BAL,2019,67.0,90.72950602146274,7,-23.72950602146274
BAL,2020,151.0,121.3172364966617,10,29.682763503338293
BAL,2021,57.0,95.1531059698966,7,-38.1531059698966
BAL,2022,93.0,148.41365064084596,10,-55.41365064084596
BAL,2023,36.0,60.56218281518469,5,-24.56218281518469
BUF,2000,24.0,88.56732828061136,8,-64.56732828061136
BUF,2001,178.0,133.43346232910199,11,44.566537670898015
BUF,2002,99.0,116.71569839273025,8,-17.715698392730246
BUF,2003,147.0,98.36487481380513,8,48.63512518619487
BUF,2004,76.0,93.40844192186495,6,-17.40844192186495
BUF,2005,26.0,49.84246635350291,4,-23.842466353502907
BUF,2006,154.0,121.26785907778816,9,32.73214092221184
BUF,2007,53.0,88.92911387357874,6,-35.92911387357874
BUF,2008,79.0,105.26875430533563,8,-26.268754305335634
BUF,2009,107.0,124.64294774051217,8,-17.64294774051217
BUF,2010,53.0,108.8839226589343,8,-55.883922658934296
BUF,2011,97.0,126.28624283335,8,-29.286242833350002
BUF,2012,75.0,101.45424133324313,7,-26.454241333243132
BUF,2013,51.0,107.95896525764536,7,-56.95896525764536
BUF,2014,70.0,93.34254185547339,6,-23.342541855473385
BUF,2015,37.0,58.63966386619401,6,-21.639663866194013
BUF,2016,26.0,64.05193077218644,5,-38.05193077218644
BUF,2017,178.0,82.79886746775189,6,95.20113253224811
BUF,2018,190.0,103.26562172646719,6,86.73437827353281
BUF,2019,113.0,98.68440501360789,7,14.315594986392114
BUF,2020,74.0,52.522312511938175,5,21.477687488061825
BUF,2021,79.0,71.9314630377138,6,7.068536962286203
BUF,2022,89.0,75.16838652735015,6,13.831613472649849
BUF,2023,36.0,54.32441657313808,3,-18.32441657313808
CAR,2000,60.0,87.9871218873411,7,-27.987121887341104
CAR,2001,189.0,99.72138015895642,7,89.27861984104358
CAR,2002,141.0,104.9742230912113,5,36.0257769087887
CAR,2003,106.0,106.07699585335777,7,-0.07699585335777215
CAR,2004,114.0,71.7086946075934,6,42.2913053924066
CAR,2005,110.0,77.78547423716377,5,32.21452576283623
CAR,2006,111.0,82.44740418691707,7,28.55259581308293
CAR,2007,179.0,106.48768316424879,8,72.51231683575121
CAR,2008,125.0,117.76715918373264,9,7.232840816267355
CAR,2009,46.0,53.28482908825936,4,-7.284829088259357
CAR,2010,60.0,72.98376971839586,9,-12.983769718395862
CAR,2011,117.0,107.7751804520924,6,9.2248195479076
CAR,2012,146.0,97.90376067013561,7,48.09623932986439
CAR,2013,78.0,57.721135719069686,3,20.278864280930314
CAR,2014,92.0,71.93498011036269,5,20.065019889637313
CAR,2015,92.0,71.5065015171362,5,20.4934984828638
CAR,2016,36.0,62.967502795887896,4,-26.967502795887896
CAR,2017,107.0,85.88844068863267,5,21.11155931136733
CAR,2018,90.0,90.38282531792166,7,-0.3828253179216574
CAR,2019,49.0,86.58496149277946,6,-37.584961492779456
CAR,2020,91.0,104.30812211803865,7,-13.308122118038654
CAR,2021,70.0,119.11801711671107,9,-49.11801711671107
CAR,2022,28.0,60.39102191391469,4,-32.39102191391469
CAR,2023,26.0,107.40310653225222,5,-81.40310653225222
CHI,2000,225.0,104.49465448784534,7,120.50534551215466
CHI,2001,44.0,80.15342189599552,4,-36.15342189599552
CHI,2002,90.0,92.27409207857707,8,-2.2740920785770697
CHI,2003,233.0,157.42444681526933,12,75.57555318473067
CHI,2004,112.0,99.68919267080877,7,12.310807329191235
CHI,2005,50.0,94.31324330723594,6,-44.313243307235936
CHI,2006,90.0,77.15888640342324,6,12.841113596576761
CHI,2007,49.0,65.97446647120692,6,-16.974466471206924
CHI,2008,144.0,114.16602557755742,9,29.83397442244258
CHI,2009,63.0,70.63222462079094,7,-7.632224620790936
CHI,2010,46.0,40.82818592181129,4,5.17181407818871
CHI,2011,40.0,60.13738558843755,4,-20.137385588437553
CHI,2012,49.0,64.24368359054048,4,-15.243683590540485
CHI,2013,71.0,74.84609534274966,6,-3.8460953427496634
CHI,2014,114.0,93.19249097953812,7,20.80750902046188
CHI,2015,65.0,99.10921236474758,6,-34.10921236474758
CHI,2016,122.0,117.85193577781273,9,4.148064222187273
CHI,2017,102.0,87.76114839388781,4,14.238851606112192
CHI,2018,93.0,98.1675359708961,6,-5.167535970896097
CHI,2019,30.0,31.120064583076637,3,-1.120064583076637
CHI,2020,92.0,71.79604651182329,7,20.203953488176708
CHI,2021,76.0,80.59113098979955,7,-4.591130989799552
CHI,2022,61.0,94.42818424676568,10,-33.42818424676568
CHI,2023,53.0,121.0723119360196,8,-68.0723119360196
CIN,2000,53.0,113.6370955905526,7,-60.637095590552605
CIN,2001,207.0,113.04329646018707,7,93.95670353981293
CIN,2002,51.0,86.74799902910503,5,-35.74799902910503
CIN,2003,112.0,136.2345637334207,8,-24.234563733420714
CIN,2004,125.0,125.91739529771326,9,-0.9173952977132558
CIN,2005,58.0,82.4288403536125,6,-24.4288403536125
CIN,2006,155.0,86.19273103323326,7,68.80726896676674
CIN,2007,70.0,47.36191661860135,4,22.63808338139865
CIN,2008,66.0,106.86331275741895,7,-40.86331275741895
CIN,2009,170.0,123.39223892153338,9,46.60776107846662
CIN,2010,180.0,90.4117329773114,6,89.5882670226886
CIN,2011,199.0,107.35178721373492,6,91.64821278626508
CIN,2012,122.0,122.48782637869418,8,-0.4878263786941801
CIN,2013,95.0,108.3041866460778,8,-13.304186646077795
CIN,2014,74.0,85.00313798275971,7,-11.00313798275971
CIN,2015,49.0,99.5033152131366,8,-50.5033152131366
CIN,2016,103.0,84.7738297631087,7,18.226170236891306
CIN,2017,87.0,113.87882843429816,9,-26.878828434298157
CIN,2018,95.0,103.60851975330053,8,-8.608519753300527
CIN,2019,91.0,103.35601037734585,7,-12.356010377345854
CIN,2020,151.0,123.70593288185637,7,27.29406711814363
CIN,2021,80.0,125.5857892550876,9,-45.585789255087604
CIN,2022,56.0,73.33284110166142,6,-17.332841101661415
CIN,2023,38.0,86.23759661683242,8,-48.23759661683242
CLE,2000,75.0,159.38970994544596,10,-84.38970994544596
CLE,2001,85.0,111.7030023621681,7,-26.703002362168107
CLE,2002,102.0,110.0052561387086,8,-8.005256138708603
CLE,2003,66.0,86.37355354782777,6,-20.37355354782777
CLE,2004,41.0,80.83003183259034,5,-39.830031832590336
CLE,2005,58.0,109.04568743846046,6,-51.04568743846046
CLE,2006,86.0,117.16968570623445,9,-31.169685706234446
CLE,2007,124.0,100.39222043851777,5,23.607779561482232
CLE,2008,35.0,34.670118606558674,4,0.32988139344132605
CLE,2009,57.0,95.3097121368165,5,-38.3097121368165
CLE,2010,92.0,107.00605032025437,6,-15.006050320254374
CLE,2011,91.0,108.54382405266533,8,-17.54382405266533
CLE,2012,74.0,148.49934136570684,10,-74.49934136570684
CLE,2013,16.0,63.009499576130395,4,-47.009499576130395
CLE,2014,107.0,119.52490655996884,6,-12.52490655996884
CLE,2015,55.0,133.156822314738,9,-78.15682231473801
CLE,2016,97.0,168.43320282834057,13,-71.43320282834057
CLE,2017,155.0,150.24651928902435,8,4.753480710975651
CLE,2018,145.0,180.11174519943268,8,-35.111745199432676
CLE,2019,46.0,66.53189834812746,6,-20.531898348127456
CLE,2020,95.0,103.57672124572657,7,-8.576721245726574
CLE,2021,60.0,98.06424371078135,8,-38.064243710781355
CLE,2022,35.0,83.80899138395938,8,-48.80899138395938
CLE,2023,19.0,73.81430865124297,7,-54.81430865124297
DAL,2000,31.0,51.409346895050966,5,-20.409346895050966
DAL,2001,53.0,90.31352686058533,9,-37.31352686058533
DAL,2002,139.0,111.1979317503995,7,27.802068249600495
DAL,2003,194.0,93.50158239584873,5,100.49841760415127
DAL,2004,64.0,54.19394502022287,5,9.80605497977713
DAL,2005,245.0,109.99241272532333,7,135.00758727467667
DAL,2006,39.0,83.39972690184862,6,-44.399726901848624
DAL,2007,103.0,70.32868494101727,7,32.67131505898273
DAL,2008,86.0,86.07216404947958,5,-0.0721640494795821
DAL,2009,12.0,74.91988795640414,8,-62.91988795640414
DAL,2010,119.0,47.00578485173772,3,71.99421514826227
DAL,2011,153.0,85.57356219766984,6,67.42643780233016
DAL,2012,61.0,68.95242102239119,4,-7.952421022391192
DAL,2013,113.0,96.95542694030264,7,16.044573059697356
DAL,2014,193.0,73.78298255722923,5,119.21701744277077
DAL,2015,57.0,67.95724006851218,5,-10.957240068512178
DAL,2016,241.0,122.84776077551028,9,118.15223922448972
DAL,2017,69.0,73.9374909395545,6,-4.937490939554493
DAL,2018,124.0,91.85657601530926,7,32.14342398469074
DAL,2019,71.0,45.82048438987723,4,25.17951561012277
DAL,2020,123.0,91.2186843635329,7,31.7813156364671
DAL,2021,114.0,127.67496885185014,10,-13.674968851850139
DAL,2022,83.0,95.25887816877982,8,-12.258878168779816
DAL,2023,23.0,71.87758919824859,6,-48.877589198248586
DEN,2000,136.0,119.33468025815142,8,16.665319741848577
DEN,2001,70.0,55.964633670982096,4,14.035366329017904
DEN,2002,95.0,92.84830761982454,8,2.1516923801754615
DEN,2003,33.0,64.27251483831274,4,-31.272514838312745
DEN,2004,69.0,85.74523702550637,6,-16.74523702550637
DEN,2005,36.0,55.180320762793606,5,-19.180320762793606
DEN,2006,147.0,77.13351093217707,5,69.86648906782293
DEN,2007,41.0,71.02912678270212,4,-30.02912678270212
DEN,2008,95.0,90.21285875579129,7,4.787141244208712
DEN,2009,57.0,134.2128466900926,7,-77.21284669009259
DEN,2010,152.0,111.38714762695476,7,40.61285237304524
DEN,2011,178.0,128.13647495264163,7,49.863525047358365
DEN,2012,105.0,82.40807042765904,6,22.59192957234096
DEN,2013,34.0,62.483068093935834,4,-28.483068093935834
DEN,2014,57.0,71.15114983700187,6,-14.151149837001867
DEN,2015,52.0,86.91659103616759,8,-34.91659103616759
DEN,2016,117.0,88.91509993563739,8,28.084900064362614
DEN,2017,53.0,75.70618292842234,6,-22.706182928422336
DEN,2018,114.0,129.91729362718047,9,-15.91729362718047
DEN,2019,64.0,89.83185258061677,5,-25.83185258061677
DEN,2020,73.0,122.12941163669579,10,-49.12941163669579
DEN,2021,129.0,109.47456632129138,9,19.525433678708623
DEN,2022,43.0,87.05582960389292,9,-44.05582960389292
DEN,2023,21.0,56.763996496054965,5,-35.763996496054965
DET,2000,38.0,58.75956461614693,3,-20.759564616146932
DET,2001,178.0,79.69019636068906,5,98.30980363931094
DET,2002,52.0,104.79092871199269,7,-52.79092871199269
DET,2003,85.0,122.29116839064488,7,-37.291168390644884
DET,2004,84.0,111.08057911106147,6,-27.080579111061468
DET,2005,19.0,84.3670074271973,5,-65.3670074271973
DET,2006,33.0,82.02698231173477,5,-49.02698231173477
DET,2007,98.0,114.66791001077746,6,-16.66791001077746
DET,2008,83.0,109.35557844727043,8,-26.35557844727043
DET,2009,199.0,151.84056952842582,8,47.15943047157418
DET,2010,95.0,100.91548356648617,5,-5.915483566486174
DET,2011,30.0,75.01947137166177,4,-45.019471371661766
DET,2012,68.0,96.40002527778678,8,-28.40002527778678
DET,2013,152.0,107.08025279065629,7,44.91974720934371
DET,2014,68.0,96.89790582307407,7,-28.89790582307407
DET,2015,39.0,77.08000001818854,6,-38.08000001818854
DET,2016,136.0,104.8905916413972,9,31.109408358602806
DET,2017,77.0,94.74166312455525,8,-17.741663124555245
DET,2018,93.0,84.2034747229879,6,8.796525277012094
DET,2019,53.0,99.81633864888181,7,-46.81633864888181
DET,2020,68.0,124.31121901826211,8,-56.31121901826211
DET,2021,144.0,109.23015913368556,7,34.76984086631444
DET,2022,84.0,132.95861612049757,8,-48.95861612049757
DET,2023,72.0,141.185324447756,8,-69.18532444775599
GNB,2000,228.0,113.0932042058239,10,114.9067957941761
GNB,2001,40.0,100.8933358412984,6,-60.893335841298395
GNB,2002,100.0,65.13003130396993,5,34.86996869603007
GNB,2003,55.0,50.187616256724,4,4.812383743276001
GNB,2004,80.0,64.48373004797955,5,15.516269952020451
GNB,2005,251.0,109.39972360447541,9,141.6002763955246
GNB,2006,208.0,147.243892083621,10,60.756107916378994
GNB,2007,125.0,107.47397430358431,9,17.526025696415687
GNB,2008,181.0,83.80860320808142,7,97.19139679191858
GNB,2009,186.0,96.96462566471371,7,89.03537433528629
GNB,2010,162.0,85.12628394640147,7,76.87371605359853
GNB,2011,81.0,82.21072650164432,7,-1.2107265016443165
GNB,2012,70.0,85.43533389541408,6,-15.435333895414075
GNB,2013,161.0,105.18433128024279,10,55.81566871975721
GNB,2014,147.0,92.9814663307757,8,54.0185336692243
GNB,2015,53.0,88.03188619139478,8,-35.031886191394776
GNB,2016,144.0,89.16151259889048,7,54.83848740110952
GNB,2017,99.0,84.20352295111884,7,14.796477048881158
GNB,2018,77.0,99.70084469926678,9,-22.70084469926678
GNB,2019,112.0,117.95548047084398,8,-5.95548047084398
GNB,2020,90.0,82.03455742834358,8,7.965442571656425
GNB,2021,84.0,86.19974824671789,8,-2.1997482467178884
GNB,2022,120.0,122.90180233766553,10,-2.9018023376655293
GNB,2023,61.0,132.80094067933712,11,-71.80094067933712
HOU,2002,145.0,160.4555518896059,9,-15.455551889605914
HOU,2003,145.0,119.07856608669186,6,25.921433913308135
HOU,2004,49.0,80.11943305208514,5,-31.119433052085142
HOU,2005,38.0,69.69234383755449,5,-31.69234383755449
HOU,2006,164.0,130.65177584952798,7,33.34822415047202
HOU,2007,70.0,79.19221378678903,6,-9.192213786789026
HOU,2008,88.0,69.80484464973888,5,18.195155350261118
HOU,2009,114.0,104.60775399678215,8,9.39224600321785
HOU,2010,72.0,89.31640284274917,6,-17.31640284274917
HOU,2011,171.0,91.305502953914,6,79.694497046086
HOU,2012,110.0,95.43737487558685,7,14.562625124413145
HOU,2013,72.0,46.99274542836736,3,25.007254571632643
HOU,2014,100.0,129.59285297703025,9,-29.592852977030248
HOU,2015,62.0,76.10812438362086,5,-14.108124383620861
HOU,2016,74.0,73.84483449516304,5,0.15516550483695823
HOU,2017,104.0,92.399211632381,7,11.600788367619003
HOU,2018,45.0,72.62113904390381,7,-27.62113904390381
HOU,2019,60.0,87.16415007735101,6,-27.16415007735101
HOU,2020,28.0,60.362879876376546,5,-32.362879876376546
HOU,2021,60.0,51.782116653448654,5,8.217883346551346
HOU,2022,76.0,160.86826757051494,9,-84.86826757051494
HOU,2023,81.0,156.99962950572868,9,-75.99962950572868
IND,2000,74.0,68.42849972255273,5,5.571500277447271
IND,2001,243.0,79.35946424700744,6,163.64053575299255
IND,2002,116.0,96.29891485339071,7,19.701085146609287
IND,2003,176.0,94.83882695812358,8,81.16117304187642
IND,2004,96.0,79.9186864491922,7,16.081313550807806
IND,2005,65.0,75.6076234767987,6,-10.607623476798693
IND,2006,148.0,76.64031042543058,7,71.35968957456942
IND,2007,67.0,106.06691964953052,9,-39.06691964953052
IND,2008,78.0,77.00063317245332,9,0.9993668275466803
IND,2009,91.0,80.15755551404746,7,10.84244448595254
IND,2010,43.0,68.72580924517511,6,-25.725809245175114
IND,2011,66.0,56.36732409529005,4,9.632675904709949
IND,2012,187.0,126.4666756590751,7,60.533324340924906
IND,2013,32.0,62.25432086803775,5,-30.254320868037752
IND,2014,42.0,43.809871155938986,4,-1.8098711559389855
IND,2015,51.0,87.84084740998934,8,-36.84084740998934
IND,2016,103.0,92.25885063180718,7,10.741149368192822
IND,2017,101.0,96.50481614289006,7,4.495183857109936
IND,2018,258.0,150.8765039534815,10,107.12349604651851
IND,2019,74.0,98.70007818264935,7,-24.70007818264935
IND,2020,119.0,97.98157242182147,9,21.01842757817853
IND,2021,60.0,68.30064816799856,6,-8.30064816799856
IND,2022,58.0,79.14955397899023,7,-21.149553978990227
IND,2023,46.0,126.08421220855845,9,-80.08421220855845
JAX,2000,143.0,85.24503919389349,9,57.75496080610651
JAX,2001,116.0,82.35518453353144,5,33.64481546646856
JAX,2002,166.0,97.84922560706393,7,68.15077439293607
JAX,2003,148.0,98.25811441729874,6,49.74188558270126
JAX,2004,148.0,119.9963754925335,8,28.003624507466498
JAX,2005,74.0,93.6498534869769,8,-19.649853486976895
JAX,2006,131.0,72.69538078257328,6,58.30461921742672
JAX,2007,93.0,96.66166176926836,8,-3.6616617692683633
JAX,2008,18.0,57.971242564727106,3,-39.971242564727106
JAX,2009,108.0,121.00960739979624,9,-13.009607399796238
JAX,2010,45.0,71.97616958226561,5,-26.976169582265612
JAX,2011,35.0,77.5711603119115,5,-42.5711603119115
JAX,2012,34.0,86.88275444120367,5,-52.88275444120367
JAX,2013,79.0,125.56897284227779,8,-46.56897284227779
JAX,2014,173.0,132.3754637915128,9,40.6245362084872
JAX,2015,65.0,118.5218383881442,8,-53.521838388144204
JAX,2016,99.0,87.19598230666814,4,11.804017693331858
JAX,2017,85.0,103.2221138656973,6,-18.222113865697295
JAX,2018,61.0,71.73667767597739,6,-10.73667767597739
JAX,2019,83.0,90.60600450036127,6,-7.606004500361266
JAX,2020,64.0,148.59202724910384,11,-84.59202724910384
JAX,2021,113.0,153.81514069428647,7,-40.81514069428647
JAX,2022,72.0,127.71193698151392,7,-55.711936981513915
JAX,2023,46.0,109.71779973514096,10,-63.71779973514096
KAN,2000,93.0,91.40999891748292,7,1.5900010825170767
KAN,2001,35.0,64.43017083292077,6,-29.430170832920766
KAN,2002,28.0,77.30087517031203,4,-49.300875170312025
KAN,2003,96.0,90.8708153518401,8,5.129184648159907
KAN,2004,57.0,77.51824783035948,6,-20.518247830359485
KAN,2005,108.0,63.52903556859998,5,44.47096443140002
KAN,2006,106.0,84.46514154455194,7,21.53485845544806
KAN,2007,71.0,71.85643807050604,5,-0.8564380705060444
KAN,2008,189.0,173.81223317953726,11,15.187766820462741
KAN,2009,39.0,92.39946100432338,7,-53.399461004323385
KAN,2010,116.0,125.21791292511374,7,-9.217912925113737
KAN,2011,105.0,87.41818332654849,6,17.581816673451513
KAN,2012,75.0,89.14814451203024,6,-14.148144512030242
KAN,2013,159.0,116.9337313268774,7,42.06626867312259
KAN,2014,82.0,61.52818267328814,5,20.471817326711857
KAN,2015,99.0,103.91623029912064,8,-4.916230299120642
KAN,2016,173.0,75.6917817783512,7,97.3082182216488
KAN,2017,150.0,84.5145355642229,6,65.4854644357771
KAN,2018,46.0,62.696054102238996,5,-16.696054102238996
KAN,2019,63.0,64.48497729876664,6,-1.484977298766637
KAN,2020,84.0,72.38093281637782,6,11.619067183622178
KAN,2021,104.0,62.41121711744188,6,41.58878288255812
KAN,2022,110.0,125.79142508396978,10,-15.791425083969784
KAN,2023,30.0,75.62123689939078,6,-45.62123689939078
LAC,2017,130.0,103.01532297531,7,26.98467702469
LAC,2018,100.0,83.45807941836824,6,16.541920581631757
LAC,2019,76.0,81.4992688608405,7,-5.499268860840502
LAC,2020,110.0,94.00287314706452,6,15.99712685293548
LAC,2021,80.0,112.5265030841402,9,-32.5265030841402
LAC,2022,59.0,81.04759641298456,8,-22.04759641298456
LAC,2023,43.0,81.97042339491458,6,-38.970423394914576
LAR,2016,80.0,94.60616783060956,6,-14.606167830609564
LAR,2017,121.0,80.51115027450409,7,40.48884972549591
LAR,2018,67.0,86.44409646168549,11,-19.44409646168549
LAR,2019,88.0,80.44426809039823,7,7.555731909601775
LAR,2020,49.0,84.93907745408698,8,-35.939077454086984
LAR,2021,50.0,79.62652805544353,9,-29.62652805544353
LAR,2022,50.0,48.11061117102524,7,1.8893888289747593
LAR,2023,74.0,111.8687832424169,13,-37.868783242416896
LVR,2020,34.0,92.55311285508157,5,-58.553112855081565
LVR,2021,69.0,92.73556034923483,6,-23.73556034923483
LVR,2022,33.0,49.95399434371895,6,-16.953994343718954
LVR,2023,36.0,124.56222205664388,9,-88.56222205664388
MIA,2000,45.0,58.69652164166252,5,-13.696521641662521
MIA,2001,76.0,69.04036371664567,4,6.959636283354328
MIA,2002,41.0,36.31010569732362,4,4.689894302676379
MIA,2003,46.0,67.29305684682265,6,-21.29305684682265
MIA,2004,78.0,59.564452164846045,5,18.435547835153955
MIA,2005,92.0,100.8720221904612,5,-8.872022190461195
MIA,2006,18.0,47.36463340558291,3,-29.364633405582907
MIA,2007,97.0,114.63231150150995,8,-17.632311501509946
MIA,2008,100.0,124.64492825881905,7,-24.64492825881905
MIA,2009,82.0,93.39605892436211,7,-11.396058924362109
MIA,2010,127.0,79.69772562912212,6,47.30227437087788
MIA,2011,73.0,57.40958009332198,4,15.590419906678022
MIA,2012,108.0,115.20062397023239,8,-7.200623970232385
MIA,2013,45.0,123.62126228681115,8,-78.62126228681115
MIA,2014,71.0,87.99388033955441,7,-16.99388033955441
MIA,2015,81.0,84.56625231320389,6,-3.56625231320389
MIA,2016,99.0,97.04705094981085,7,1.9529490501891473
MIA,2017,37.0,81.77921751252642,7,-44.779217512526415
MIA,2018,93.0,97.43487074927975,7,-4.434870749279753
MIA,2019,81.0,68.79041628881109,6,12.209583711188913
MIA,2020,139.0,172.71273913511368,10,-33.71273913511368
MIA,2021,94.0,110.14974237338981,5,-16.149742373389813
MIA,2022,7.0,31.763882255777375,4,-24.763882255777375
MIA,2023,19.0,36.5191330105942,3,-17.519133010594203
MIN,2000,48.0,81.98400419840094,6,-33.98400419840094
MIN,2001,42.0,91.07496536345776,7,-49.074965363457764
MIN,2002,83.0,90.68722163288754,5,-7.6872216328875425
MIN,2003,180.0,99.61767275425227,7,80.38232724574773
MIN,2004,70.0,93.78259361782118,7,-23.782593617821178
MIN,2005,25.0,99.14559164875745,5,-74.14559164875745
MIN,2006,149.0,99.61543149362147,6,49.38456850637853
MIN,2007,162.0,98.36345878638727,6,63.63654121361273
MIN,2008,58.0,41.38326405051076,4,16.61673594948924
MIN,2009,111.0,70.26788326890086,5,40.73211673109914
MIN,2010,95.0,70.9632535573834,6,24.036746442616604
MIN,2011,89.0,96.78124804892309,8,-7.781248048923089
MIN,2012,159.0,122.6812495668552,8,36.3187504331448
MIN,2013,88.0,103.5595760095001,7,-15.559576009500105
MIN,2014,126.0,105.8865721779106,8,20.113427822089406
MIN,2015,184.0,103.42756708163202,8,80.57243291836798
MIN,2016,30.0,77.54929920064811,7,-47.54929920064811
MIN,2017,110.0,75.24368349943364,7,34.756316500566356
MIN,2018,69.0,72.39004585242476,6,-3.3900458524247625
MIN,2019,90.0,103.68274474446254,10,-13.68274474446254
MIN,2020,159.0,140.81069523081877,12,18.189304769181234
MIN,2021,54.0,111.37648463531139,8,-57.376484635311385
MIN,2022,38.0,104.80187917409982,8,-66.80187917409982
MIN,2023,21.0,63.94969441826746,5,-42.94969441826746
NOR,2000,53.0,61.90397192881881,6,-8.903971928818812
NOR,2001,79.0,54.57761751538981,3,24.42238248461019
NOR,2002,111.0,106.90015001329586,6,4.099849986704143
NOR,2003,71.0,96.76516880164338,6,-25.765168801643384
NOR,2004,110.0,84.52522056480021,6,25.474779435199792
NOR,2005,60.0,69.23392863395,4,-9.23392863395
NOR,2006,306.0,87.60575080970001,5,218.3942491903
NOR,2007,75.0,55.18258093319214,4,19.817419066807858
NOR,2008,93.0,84.59015962145881,6,8.40984037854119
NOR,2009,55.0,48.1570088494229,3,6.842991150577099
NOR,2010,71.0,59.277661842944994,4,11.722338157055006
NOR,2011,161.0,81.06977534686246,5,79.93022465313754
NOR,2012,26.0,31.730342479378866,3,-5.730342479378866
NOR,2013,92.0,66.6453343398574,4,25.3546656601426
NOR,2014,22.0,58.72464385575033,4,-36.72464385575033
NOR,2015,103.0,107.59131601650051,7,-4.591316016500514
NOR,2016,120.0,81.5601460551689,5,38.4398539448311
NOR,2017,224.0,116.05224335297451,6,107.94775664702549
NOR,2018,37.0,46.91387190248312,3,-9.913871902483123
NOR,2019,52.0,42.089280287151226,4,9.910719712848774
NOR,2020,42.0,51.43707365778768,3,-9.437073657787678
NOR,2021,54.0,74.38228490131303,6,-20.382284901313028
NOR,2022,48.0,84.96758622738514,4,-36.96758622738514
NOR,2023,24.0,95.98670414783204,7,-71.98670414783204
NWE,2000,209.0,67.41797388355721,7,141.5820261164428
NWE,2001,170.0,86.85988621211936,6,83.14011378788064
NWE,2002,101.0,67.0773951947165,5,33.9226048052835
NWE,2003,191.0,104.53309637392618,7,86.46690362607382
NWE,2004,104.0,106.2416879422394,7,-2.2416879422393947
NWE,2005,196.0,62.86768073150588,5,133.13231926849411
NWE,2006,78.0,91.83360567029506,7,-13.833605670295057
NWE,2007,23.0,30.817489215690806,2,-7.817489215690806
NWE,2008,60.0,94.55111675004683,6,-34.55111675004683
NWE,2009,171.0,109.82991565592793,8,61.170084344072066
NWE,2010,205.0,120.87688846839124,9,84.12311153160876
NWE,2011,131.0,96.81770604528681,6,34.18229395471319
NWE,2012,115.0,93.59145150036504,6,21.40854849963496
NWE,2013,81.0,83.6121448403524,7,-2.6121448403524
NWE,2014,68.0,76.76145749386234,6,-8.761457493862338
NWE,2015,115.0,91.97551612642624,7,23.024483873573757
NWE,2016,77.0,78.8234998433503,7,-1.8234998433503051
NWE,2017,45.0,29.397662136155294,3,15.602337863844706
NWE,2018,74.0,65.3554437848238,5,8.644556215176195
NWE,2019,55.0,107.42018124925345,8,-52.420181249253446
NWE,2020,84.0,95.63534052457305,8,-11.635340524573053
NWE,2021,56.0,73.20656601851582,5,-17.206566018515815
NWE,2022,35.0,98.29207104335482,8,-63.292071043354824
NWE,2023,56.0,121.85262415543917,11,-65.85262415543917
NYG,2000,78.0,100.17277007420688,7,-22.17277007420688
NYG,2001,43.0,66.20288709639757,5,-23.202887096397575
NYG,2002,62.0,87.62564215427216,7,-25.625642154272157
NYG,2003,158.0,84.8052206129891,8,73.1947793870109
NYG,2004,108.0,51.404368267886845,4,56.595631732113155
NYG,2005,129.0,52.68817533262616,4,76.31182466737384
NYG,2006,79.0,74.59757478566559,5,4.402425214334414
NYG,2007,130.0,93.9790825243511,8,36.0209174756489
NYG,2008,64.0,69.72606185393886,5,-5.726061853938859
NYG,2009,83.0,94.937815334118,6,-11.937815334118
NYG,2010,69.0,79.92868798689383,6,-10.928687986893834
NYG,2011,40.0,93.88370605206927,8,-53.88370605206927
NYG,2012,42.0,75.8641956201413,6,-33.8641956201413
NYG,2013,47.0,83.4121875171129,6,-36.4121875171129
NYG,2014,89.0,92.43902425613085,6,-3.4390242561308497
NYG,2015,59.0,91.09200435950335,6,-32.09200435950335
NYG,2016,58.0,95.03934767966172,6,-37.03934767966172
NYG,2017,55.0,79.2127117893248,6,-24.2127117893248
NYG,2018,86.0,120.54458642203787,6,-34.54458642203787
NYG,2019,149.0,135.43767807443675,8,13.562321925563253
NYG,2020,83.0,115.0121131294895,9,-32.01211312948951
NYG,2021,24.0,83.26302770354151,6,-59.26302770354151
NYG,2022,95.0,178.04076227620467,11,-83.04076227620467
NYG,2023,30.0,78.62249360824387,7,-48.62249360824387
NYJ,2000,208.0,142.6273781726413,7,65.3726218273587
NYJ,2001,73.0,79.14201290368975,5,-6.142012903689746
NYJ,2002,71.0,75.03834263171791,5,-4.03834263171791
NYJ,2003,65.0,100.6977277780972,7,-35.6977277780972
NYJ,2004,100.0,90.96733342092077,8,9.032666579079233
NYJ,2005,98.0,71.30361630042195,6,26.69638369957805
NYJ,2006,195.0,132.7175584470642,8,62.28244155293581
NYJ,2007,154.0,60.29761429799887,4,93.70238570200112
NYJ,2008,37.0,70.89406627268238,3,-33.89406627268238
NYJ,2009,60.0,61.004842633646334,3,-1.0048426336463336
NYJ,2010,23.0,60.24314996605117,4,-37.24314996605117
NYJ,2011,113.0,60.06997496840584,5,52.93002503159416
NYJ,2012,55.0,78.08765638671156,6,-23.087656386711558
NYJ,2013,83.0,113.85390292432106,6,-30.853902924321062
NYJ,2014,36.0,91.88070086594934,7,-55.880700865949336
NYJ,2015,39.0,89.02584016323172,5,-50.02584016323172
NYJ,2016,71.0,68.45084671666362,6,2.5491532833363806
NYJ,2017,59.0,115.5665402880616,9,-56.5665402880616
NYJ,2018,42.0,89.92692403184721,6,-47.92692403184721
NYJ,2019,65.0,81.1292320219271,5,-16.129232021927095
NYJ,2020,43.0,103.7812250518511,7,-60.781225051851095
NYJ,2021,78.0,152.8412567811831,10,-74.84125678118309
NYJ,2022,106.0,152.5123306725963,7,-46.512330672596306
NYJ,2023,24.0,86.39848646988591,7,-62.39848646988591
OAK,2000,111.0,60.83153524742467,4,50.16846475257533
OAK,2001,36.0,60.39970634263297,4,-24.399706342632967
OAK,2002,73.0,99.57671723592158,6,-26.576717235921578
OAK,2003,118.0,105.21165766527376,7,12.788342334726238
OAK,2004,71.0,107.90967216415798,6,-36.90967216415798
OAK,2005,64.0,88.7089770904934,6,-24.708977090493406
OAK,2006,70.0,84.61091459852257,5,-14.61091459852257
OAK,2007,79.0,143.15589902954173,9,-64.15589902954173
OAK,2008,69.0,65.41747037063311,4,3.5825296293668885
OAK,2009,53.0,96.27580125706214,6,-43.27580125706214
OAK,2010,76.0,118.26020010421914,9,-42.26020010421914
OAK,2011,45.0,87.45671977843841,8,-42.45671977843841
OAK,2012,20.0,45.20110922425,5,-25.201109224249997
OAK,2013,64.0,99.62006150613301,8,-35.62006150613301
OAK,2014,194.0,110.7427146363525,8,83.2572853636475
OAK,2015,49.0,109.4151519732633,7,-60.415151973263306
OAK,2016,46.0,96.18382856959721,7,-50.18382856959721
OAK,2017,27.0,92.11368095808805,9,-65.11368095808805
OAK,2018,84.0,108.59756787480043,8,-24.597567874800433
OAK,2019,156.0,149.16633688045903,8,6.833663119540972
PHI,2000,72.0,87.02492486082912,4,-15.024924860829117
PHI,2001,49.0,77.10733834463119,5,-28.107338344631188
PHI,2002,177.0,77.22462001288922,5,99.77537998711078
PHI,2003,27.0,67.99828927991712,4,-40.99828927991712
PHI,2004,45.0,85.42325797859138,8,-40.42325797859138
PHI,2005,199.0,117.69518738547653,9,81.30481261452347
PHI,2006,119.0,102.66510571558247,7,16.33489428441753
PHI,2007,62.0,72.96850073546678,5,-10.968500735466776
PHI,2008,80.0,80.59569411412048,7,-0.5956941141204766
PHI,2009,96.0,57.80271279880983,4,38.19728720119017
PHI,2010,132.0,130.06565482159084,11,1.9343451784091599
PHI,2011,140.0,107.26596855382829,9,32.73403144617171
PHI,2012,189.0,110.38484106693562,8,78.61515893306438
PHI,2013,155.0,99.62783422788998,5,55.37216577211002
PHI,2014,43.0,91.95733489716037,7,-48.957334897160365
PHI,2015,38.0,65.304077030679,4,-27.304077030678997
PHI,2016,107.0,86.21401420612833,6,20.785985793871674
PHI,2017,55.0,92.4339369769725,7,-37.433936976972504
PHI,2018,124.0,49.37583842854259,5,74.6241615714574
PHI,2019,37.0,69.89819853912559,4,-32.89819853912559
PHI,2020,112.0,94.9452781770218,8,17.054721822978195
PHI,2021,107.0,110.58454227224281,9,-3.584542272242814
PHI,2022,45.0,75.40534778193842,5,-30.405347781938417
PHI,2023,36.0,110.77489610678937,7,-74.77489610678937
PIT,2000,120.0,109.59642348936042,7,10.403576510639581
PIT,2001,115.0,74.55132568742124,5,40.44867431257876
PIT,2002,197.0,80.36943286032891,7,116.63056713967109
PIT,2003,150.0,63.395212524739996,4,86.60478747526
PIT,2004,177.0,73.50565158879519,4,103.49434841120481
PIT,2005,115.0,65.84552165531149,5,49.15447834468851
PIT,2006,73.0,60.80824178239861,4,12.19175821760139
PIT,2007,162.0,86.29872223500888,6,75.70127776499112
PIT,2008,36.0,71.02825184638566,5,-35.02825184638566
PIT,2009,74.0,60.76447141400964,5,13.235528585990359
PIT,2010,211.0,80.0638384161049,6,130.9361615838951
PIT,2011,161.0,74.3770904348464,6,86.6229095651536
PIT,2012,106.0,72.59131207638232,6,33.40868792361768
PIT,2013,129.0,95.74460449593184,7,33.25539550406816
PIT,2014,88.0,76.71950569521634,5,11.280494304783659
PIT,2015,57.0,69.45567974739447,6,-12.45567974739447
PIT,2016,61.0,74.36101799364414,6,-13.36101799364414
PIT,2017,154.0,71.22107667342124,5,82.77892332657876
PIT,2018,80.0,84.34502382433571,6,-4.345023824335712
PIT,2019,76.0,99.57927450010398,8,-23.579274500103978
PIT,2020,60.0,55.325125005517584,5,4.6748749944824155
PIT,2021,93.0,82.48639068677133,7,10.51360931322867
PIT,2022,55.0,78.40487031272873,6,-23.404870312728733
PIT,2023,46.0,101.53746375278845,7,-55.537463752788454
SDG,2000,41.0,62.852373406674836,5,-21.852373406674836
SDG,2001,170.0,101.48803130458006,6,68.51196869541994
SDG,2002,98.0,104.91722223245749,5,-6.91722223245749
SDG,2003,89.0,104.07123735550297,8,-15.071237355502973
SDG,2004,211.0,93.53322203881642,8,117.46677796118358
SDG,2005,160.0,92.43804570627489,6,67.56195429372511
SDG,2006,130.0,60.474027988426705,4,69.52597201157329
SDG,2007,90.0,68.36085129186472,5,21.63914870813528
SDG,2008,26.0,43.98013798832936,3,-17.98013798832936
SDG,2009,63.0,70.25598717587343,5,-7.255987175873429
SDG,2010,80.0,65.44782525986385,4,14.552174740136152
SDG,2011,84.0,100.26430549381602,7,-16.264305493816025
SDG,2012,99.0,85.96618538424632,6,13.033814615753684
SDG,2013,125.0,83.06302469270385,5,41.93697530729615
SDG,2014,29.0,63.805381251267335,4,-34.805381251267335
SDG,2015,97.0,76.42708998516277,5,20.572910014837234
SDG,2016,94.0,97.19078305526834,6,-3.1907830552683407
SEA,2000,162.0,120.0385377551528,8,41.9614622448472
SEA,2001,133.0,142.48145406949197,9,-9.481454069491974
SEA,2002,75.0,106.09764073248756,8,-31.097640732487562
SEA,2003,106.0,97.57777578467388,8,8.422224215326125
SEA,2004,82.0,82.53645534349813,6,-0.5364553434981332
SEA,2005,126.0,72.23624675503642,5,53.76375324496358
SEA,2006,65.0,65.60058400604903,6,-0.6005840060490328
SEA,2007,81.0,76.98447596128983,8,4.0155240387101685
SEA,2008,61.0,59.49255074191182,4,1.5074492580881795
SEA,2009,54.0,80.59147175987373,5,-26.591471759873727
SEA,2010,183.0,130.19399099814586,9,52.806009001854136
SEA,2011,191.0,77.72779755364324,7,113.27220244635676
SEA,2012,314.0,91.63926792016943,7,222.36073207983057
SEA,2013,32.0,51.96415812498308,5,-19.96415812498308
SEA,2014,60.0,72.94716067162636,6,-12.947160671626364
SEA,2015,96.0,46.98416301745147,4,49.01583698254853
SEA,2016,101.0,101.3073446566083,8,-0.3073446566082936
SEA,2017,98.0,87.22477940139092,8,10.775220598609081
SEA,2018,83.0,89.95803842687864,8,-6.958038426878645
SEA,2019,95.0,111.40334450875073,9,-16.403344508750735
SEA,2020,76.0,90.9803394381049,7,-14.980339438104906
SEA,2021,18.0,32.58549063112649,3,-14.58549063112649
SEA,2022,98.0,121.80808929429085,8,-23.808089294290852
SEA,2023,67.0,153.730931503038,10,-86.730931503038
SFO,2000,147.0,147.3244065343247,10,-0.3244065343247087
SFO,2001,99.0,88.518010506929,6,10.481989493070998
SFO,2002,64.0,66.20390604099984,6,-2.20390604099984
SFO,2003,65.0,83.64818177771306,7,-18.648181777713063
SFO,2004,110.0,113.46224195243546,9,-3.4622419524354626
SFO,2005,162.0,135.61939502262678,9,26.380604977373224
SFO,2006,117.0,117.82002661430207,8,-0.8200266143020656
SFO,2007,261.0,101.20482499483566,6,159.79517500516434
SFO,2008,41.0,71.26938768991923,5,-30.269387689919228
SFO,2009,42.0,65.97322152309256,5,-23.973221523092562
SFO,2010,153.0,116.37381499686478,8,36.62618500313522
SFO,2011,131.0,106.75940877848767,8,24.240591221512332
SFO,2012,5.0,27.4215363839739,2,-22.4215363839739
SFO,2013,62.0,103.7952254581241,7,-41.795225458124094
SFO,2014,94.0,114.87488670414496,9,-20.874886704144956
SFO,2015,92.0,110.80470289283238,9,-18.80470289283238
SFO,2016,53.0,96.64185605917312,7,-43.64185605917312
SFO,2017,132.0,126.66405044093753,9,5.33594955906247
SFO,2018,149.0,116.67330465963785,9,32.32669534036215
SFO,2019,148.0,101.11829996969705,6,46.88170003030295
SFO,2020,86.0,74.41382816504586,5,11.586171834954143
SFO,2021,84.0,116.43310088661178,8,-32.43310088661178
SFO,2022,59.0,74.17764505947277,8,-15.177645059472766
SFO,2023,16.0,59.414413269951055,8,-43.414413269951055
STL,2000,33.0,67.28461329829396,5,-34.28461329829396
STL,2001,106.0,119.11959137350438,6,-13.119591373504377
STL,2002,53.0,64.58362230638761,5,-11.58362230638761
STL,2003,76.0,119.41753802171498,9,-43.417538021714975
STL,2004,92.0,52.3612814248123,4,39.6387185751877
STL,2005,103.0,112.95955383678258,9,-9.959553836782575
STL,2006,32.0,106.34127452701476,8,-74.34127452701476
STL,2007,30.0,83.87381517755236,6,-53.87381517755236
STL,2008,80.0,124.1399431265759,8,-44.1399431265759
STL,2009,79.0,102.20043204422142,5,-23.200432044221415
STL,2010,91.0,141.75429377102714,10,-50.754293771027136
STL,2011,65.0,78.99356795054841,5,-13.99356795054841
STL,2012,148.0,130.50844275672299,8,17.491557243277015
STL,2013,94.0,113.39789926186266,7,-19.397899261862662
STL,2014,181.0,138.31184866720938,8,42.688151332790625
STL,2015,134.0,99.34142641649635,7,34.65857358350365
TAM,2000,38.0,42.51809414757582,4,-4.518094147575823
TAM,2001,66.0,68.39604114734787,5,-2.396041147347873
TAM,2002,36.0,23.773147741991295,3,12.226852258008705
TAM,2003,42.0,42.24656446844763,4,-0.24656446844763025
TAM,2004,38.0,76.31208756246869,6,-38.31208756246869
TAM,2005,83.0,100.93201459723845,6,-17.93201459723845
TAM,2006,78.0,74.39474400415553,6,3.605255995844473
TAM,2007,97.0,121.6117044471293,7,-24.6117044471293
TAM,2008,63.0,83.6629019096317,6,-20.6629019096317
TAM,2009,70.0,62.950041123664974,5,7.049958876335026
TAM,2010,117.0,128.07820637493046,8,-11.07820637493046
TAM,2011,47.0,83.98943379920907,6,-36.98943379920907
TAM,2012,144.0,88.10657551128567,5,55.89342448871433
TAM,2013,78.0,72.55121179823318,6,5.448788201766817
TAM,2014,112.0,87.35206127548955,5,24.647938724510453
TAM,2015,172.0,101.28358729394444,4,70.71641270605556
TAM,2016,39.0,96.23843497655403,6,-57.23843497655403
TAM,2017,76.0,70.52633865798796,4,5.473661342012036
TAM,2018,134.0,124.37479108509015,8,9.625208914909848
TAM,2019,122.0,110.52730197386971,7,11.472698026130288
TAM,2020,102.0,76.58057475737894,5,25.41942524262106
TAM,2021,48.0,72.1970706699916,6,-24.197070669991604
TAM,2022,86.0,87.28822855557455,7,-1.2882285555745483
TAM,2023,52.0,95.36251504134317,8,-43.36251504134317
TEN,2000,140.0,88.384770837571,8,51.615229162429
TEN,2001,43.0,54.87070638431551,5,-11.870706384315511
TEN,2002,123.0,119.77194945778965,10,3.2280505422103545
TEN,2003,47.0,76.73819580343441,6,-29.738195803434408
TEN,2004,110.0,141.07609739305093,12,-31.07609739305093
TEN,2005,189.0,138.61245546575825,10,50.387544534241755
TEN,2006,116.0,116.52792982276486,9,-0.527929822764861
TEN,2007,90.0,100.09319008990433,8,-10.093190089904326
TEN,2008,97.0,87.8899303776293,6,9.110069622370702
TEN,2009,88.0,113.13722472136065,11,-25.137224721360653
TEN,2010,83.0,88.50950967157644,7,-5.5095096715764384
TEN,2011,136.0,117.07765579350374,9,18.922344206496263
TEN,2012,59.0,83.94994945646637,6,-24.94994945646637
TEN,2013,58.0,113.10809755889937,8,-55.108097558899374
TEN,2014,117.0,86.74904155548991,6,30.25095844451009
TEN,2015,56.0,121.72115723908068,7,-65.72115723908068
TEN,2016,171.0,144.71138534689769,10,26.288614653102314
TEN,2017,84.0,112.00779453723338,7,-28.00779453723338
TEN,2018,69.0,54.13805785281214,3,14.861942147187861
TEN,2019,132.0,76.54132657504826,5,55.45867342495174
TEN,2020,20.0,64.33648550055139,5,-44.33648550055139
TEN,2021,30.0,101.02452857282837,8,-71.02452857282837
TEN,2022,47.0,110.01240261606628,8,-63.01240261606628
TEN,2023,37.0,88.2777377410857,6,-51.2777377410857
WAS,2000,112.0,111.12112364633234,5,0.878876353667664
WAS,2001,63.0,56.568978209922975,3,6.4310217900770255
WAS,2002,60.0,92.27525348412841,8,-32.27525348412841
WAS,2003,32.0,38.3591362237531,3,-6.359136223753097
WAS,2004,67.0,68.29575107281549,4,-1.2957510728154915
WAS,2005,60.0,71.44290466590827,4,-11.442904665908273
WAS,2006,94.0,43.6812134615407,4,50.3187865384593
WAS,2007,35.0,44.05243042362654,2,-9.05243042362654
WAS,2008,50.0,104.88058375029837,9,-54.88058375029837
WAS,2009,36.0,55.54831067895989,4,-19.548310678959893
WAS,2010,80.0,62.76623575628987,4,17.233764243710127
WAS,2011,125.0,126.39674029515007,12,-1.3967402951500674
WAS,2012,124.0,118.68014010378717,9,5.319859896212833
WAS,2013,53.0,65.48112427492813,6,-12.481124274928135
WAS,2014,92.0,70.35671261569222,5,21.643287384307783
WAS,2015,110.0,111.21134408008606,7,-1.2113440800860644
WAS,2016,58.0,65.64461208338251,4,-7.644612083382512
WAS,2017,110.0,111.88008231896717,10,-1.880082318967169
WAS,2018,78.0,96.05200162000259,8,-18.052001620002585
WAS,2019,113.0,104.27299467996045,8,8.727005320039552
WAS,2020,90.0,109.90548648500992,8,-19.905486485009916
WAS,2021,75.0,109.96585867084457,10,-34.96585867084457
WAS,2022,52.0,97.95981109236806,8,-45.95981109236806
WAS,2023,16.0,80.40285883801137,6,-64.40285883801137
